normalized_name,keep_id,drop_id,drop_prices_before,keep_prices_before,keep_prices_after,drop_recipe_links_before,keep_recipe_links_before,keep_recipe_links_after,drop_nutrition_rows_before,keep_nutrition_rows_before,keep_nutrition_rows_after,drop_exists_after,miss_bls_key,miss_default_unit,miss_ingredient_type,miss_initial_recipe_id,miss_tenant_id,miss_nutrition_id
corned beef,33bbae22-f2ce-55a1-9bbd-4d2cd61d501b,b3aca472-90e3-5495-bf08-6f71e8ae01f3,0,0,0,0,0,0,0,0,0,0,0,0,0,0,0,0
hagebutte,2c83195b-2d77-5754-b6df-d7cd4eeae13f,5759d1eb-716e-515c-afea-96ab1c76af6a,0,0,0,0,0,0,0,0,0,0,0,0,0,0,0,0
haifischöl,dd7ec916-05b1-5f88-81af-32099f71af5d,d1b05eb5-e197-540e-9015-a91dab740ccf,0,0,0,0,0,0,0,0,0,0,0,0,0,0,0,0
hartkäse,a7f9d39f-1dfc-52f2-8850-fb49d1a6918c,c0789061-800e-567a-acd4-b1e697cba60f,0,0,0,0,0,0,0,0,0,0,0,0,0,0,0,0
haselnussmus,04bfb90f-d14d-505b-bdbc-b15c0e5ae775,86883f40-832f-5161-9225-11d43ead32b5,0,0,0,0,0,0,0,0,0,0,0,0,0,0,0,0
haselnussöl,523a8d91-307f-5a16-b27a-920eca2c4530,bc368e55-c646-5136-9202-1eb215366595,0,0,0,0,0,0,0,0,0,0,0,0,0,0,0,0
heringsöl,11bed24b-b069-5652-800b-85f3683ece46,84eb960e-257f-5afd-92de-03b0a0ef7cfd,0,0,0,0,0,0,0,0,0,0,0,0,0,0,0,0
himbeere,edf5547b-5c69-5d37-84cf-12e695b615ba,ab858e60-1af3-5477-b337-53a0a1e8fea2,0,0,0,0,0,0,0,1,1,0,0,0,0,0,0,0
holunderbeere,c4c4f13c-3b71-56cd-a849-97afc5f3f135,783ff876-e602-503e-811d-51724a07fec2,0,0,0,0,0,0,0,0,0,0,0,0,0,0,0,0
honig,2a835dd0-c0c2-52df-bb09-d72cf622f209,51211a5f-7a52-52e8-a19e-7498cc046822,1,0,1,0,2,2,1,0,1,0,0,0,0,0,0,0
hühnerei,f927bd06-21e5-5c56-aafb-885a5c1ae8df,2961036e-520a-5ceb-9538-6b6ba9e7d1a1,0,0,0,0,0,0,0,0,0,0,0,0,0,0,0,0
jacobsmuschel,82594bf5-b7b7-56c5-8de0-f4311577b9a6,31876b3d-224c-5778-9e89-4dc224d22da6,0,0,0,0,0,0,0,0,0,0,0,0,0,0,0,0
jagdwurst,6afea659-2e9d-5035-ab6f-ec9d5d371781,67f49617-301f-5469-a8cd-e8fab613cbe8,0,0,0,0,0,0,0,0,0,0,0,0,0,0,0,0
johannisbrotkernmehl,4025dcf2-60a6-5b94-9d01-216d45316b3c,7f8e0eba-8c2e-583e-a2f4-ef88db6a6eac,0,0,0,0,0,0,0,0,0,0,0,0,0,0,0,0
kaffeesahne,4c905400-bff2-5c27-8023-e171a211057b,1f7b8b6b-8c15-50ac-838a-c9c9056b0383,0,0,0,0,0,0,0,0,0,0,0,0,0,0,0,0
kakaobutter,f869a893-b82a-5ae1-a3bb-3fd2672131fe,7ccd516b-9145-5d62-be99-e120a024f06c,0,0,0,0,0,0,0,0,0,0,0,0,0,0,0,0
kakaopulver,bebe2108-655d-5133-b1ec-2568b479ad3a,01e2eecc-0651-5a8c-b241-c9420b494af1,1,0,1,0,2,2,1,0,1,0,0,0,0,0,0,0
kalbsroulade,811b446d-de37-5a03-b1d6-57cfb756dbd6,8fd177b4-7849-5155-9148-e2dc3efcde3a,0,0,0,0,0,0,0,0,0,0,0,0,0,0,0,0
kasseler,07261e1d-2826-5e57-93a5-a4b2eeaadf46,867f7219-d445-58e9-9165-19bb3178a271,0,0,0,0,0,0,0,0,0,0,0,0,0,0,0,0
kefir,3228c77f-24d1-586f-9d94-f5d874961788,61e37be6-7e9c-53ff-808d-aeded2132af9,0,0,0,0,0,0,0,0,0,0,0,0,0,0,0,0
kiwi,47bd65b9-03bb-5148-868c-83d3cc36c658,932210f7-8dbf-55c2-a222-2db8c77d65b8,0,0,0,0,0,0,0,0,0,0,0,0,0,0,0,0
knäckebrot,7eb33659-457e-5150-a2f0-10c6e3bb6676,1adfb29e-9e15-59bf-b91e-2dc7c7e6e1fb,0,0,0,0,0,0,0,0,0,0,0,0,0,0,0,0
kochbanane,22df7cf8-7e0e-5d82-9ad5-6096e12a3ab1,2968861c-8568-5c74-bda9-60de391e3caf,0,0,0,0,0,0,0,0,0,0,0,0,0,0,0,0
kokosfett,05039005-2361-5447-b303-4e431cbff119,ecb73d1e-9576-56cd-8f03-2064ce541ea7,0,0,0,0,0,0,0,0,0,0,0,0,0,0,0,0
kokosmilch,ccc9d016-3584-5df4-9945-a1619e706f6d,d93e3a9a-4730-5733-b1a3-e4425f86b70b,1,0,1,0,2,2,1,0,1,0,0,0,0,0,0,0
kokosnuss raspeln getrocknet,ec88d0ff-a826-527b-9fa4-e02110758a06,526f71f2-af96-5ad3-9e1c-d7c243fe812f,0,0,0,0,0,0,0,0,0,0,0,0,0,0,0,0
kopfsalat,17b7528c-e633-5de5-ae16-f2a93f9c98e5,acbf1045-8aa9-5d0b-8360-c2da722bdd2d,1,0,1,0,5,5,1,0,1,0,0,0,0,0,0,0
krakauer,fc56e30a-034b-58e2-a666-1f870fd15e83,408c5920-f980-540e-b0c3-e4a775bb27a4,0,0,0,0,0,0,0,0,0,0,0,0,0,0,0,0
kräuteressig,28be302b-98b0-59be-8c81-9c139a1ba915,83493145-e64c-55f7-a6d8-1f4c87d4c94f,0,0,0,0,0,0,0,0,0,0,0,0,0,0,0,0
kräuterlikör,bab7ec4b-67c9-51d1-88aa-0b72ebf3bb50,485d038a-669e-56aa-92ee-f2dcc1a6c4b9,0,0,0,0,0,0,0,0,0,0,0,0,0,0,0,0
krokant,43c52c59-66d0-55c0-beaa-e599f1664670,71b11e18-c69c-569c-94bf-f881fdd11603,0,0,0,0,0,0,0,0,0,0,0,0,0,0,0,0
kumquat,53589334-a086-5afa-8221-c9f09bce2983,90305933-c11e-5bfb-be5a-c22fecacf4b4,0,0,0,0,0,0,0,0,0,0,0,0,0,0,0,0
kürbiskernöl,cfb7d5e0-768d-5906-99b8-37f1e5428328,f46b9604-a0dc-58c2-a3b0-489fa4fe9315,0,0,0,0,0,0,0,0,0,0,0,0,0,0,0,0
lachsschinken,47a32234-fa68-548e-9da7-7d7ba6818c50,897027f9-3c3e-5bdc-8c04-4bd07fa1e88e,0,0,0,0,0,0,0,0,0,0,0,0,0,0,0,0
leberkäse,fea764ac-6115-57d5-8009-60009244a00b,5ca301e8-c800-58ae-913f-133a9ab14493,0,0,0,0,0,0,0,0,0,0,0,0,0,0,0,0
lebertran,23d0166f-08c2-500d-9a89-d594c842c707,4751c140-69c6-5057-906e-5a360c230c06,0,0,0,0,0,0,0,0,0,0,0,0,0,0,0,0
lebkuchen,49457bd5-14c1-52ea-adc0-6c466529d5b3,7607cf2c-41ba-5a9d-80fc-7a6faecc83a5,0,0,0,0,0,0,0,0,0,0,0,0,0,0,0,0
leinöl,db8de774-e65d-5f96-b9cb-302a7aadb294,acee8311-442e-5036-be0c-99c10f1f9bc9,0,0,0,0,0,0,0,0,0,0,0,0,0,0,0,0
leinsamen,0df1e537-57e9-57d7-82a5-7585e50d14f0,2ab6593a-a542-585a-b617-7621eda2f53f,0,0,0,0,0,0,0,0,0,0,0,0,0,0,0,0
liebstöckel,2dfe3e0f-0072-5e4b-9e7a-945201584ac8,ad76328d-fdfd-51ee-b890-41cff1bc0597,0,0,0,0,0,0,0,0,0,0,0,0,0,0,0,0
limburger,043af7a9-3f32-5d74-b5ea-98599281edd5,5ced7b99-d93c-50d7-8fe5-5d367f65d8be,0,0,0,0,0,0,0,0,0,0,0,0,0,0,0,0
limette,f852079f-2514-512b-8860-436b68dc5b42,deb034f1-84f6-5ebf-8f14-db5c50129cf3,1,0,1,0,2,2,1,1,1,0,0,0,0,0,0,0
loganbeere,c4e90b89-9971-5190-8b5a-2134cd95f66d,57e65884-304c-56f4-99a3-7e1e2e9267e1,0,0,0,0,0,0,0,0,0,0,0,0,0,0,0,0
makronen,e4294bed-c3ed-56cc-be95-d6d5bb4c49de,5d109efd-1c9a-56bf-908d-a86eca2bf1e1,0,0,0,0,0,0,0,0,0,0,0,0,0,0,0,0
malzbier,7e072958-8722-503c-8379-2092e35a67d8,39652d65-1dad-50fd-baa7-3129d4018a3a,0,0,0,0,0,0,0,0,0,0,0,0,0,0,0,0
mandarine,a13f9d89-6124-5a45-b7f1-0d1baa12abf0,886cc342-000a-5cf8-b1b5-05820059d54b,0,0,0,0,0,0,0,0,0,0,0,0,0,0,0,0
mandelmus,431b1573-f54f-5761-bc9e-dc05da68f73f,f5acc298-9cd9-5be2-b548-76653f845429,0,0,0,0,1,1,0,0,0,0,0,0,0,0,0,0
mango,b10ff7b8-9b0d-53cd-93e2-9cefbd80c8fc,9873e6d1-5c75-5be5-8fdf-2bc94e46f450,1,0,1,0,1,1,1,0,1,0,0,0,0,0,0,0
margarine,158fee4d-42e1-5f47-b819-5de95a8d2176,b9610a92-0c37-5fe9-8a8e-e6959f18b41f,2,0,2,0,3,3,1,1,1,0,0,0,0,0,0,0
marzipan,e2b2e256-68e2-5c40-be02-87ab45bc7fc2,049b737a-163e-5c3c-a87b-35d323e8c036,0,0,0,0,0,0,0,0,0,0,0,0,0,0,0,0
mascarpone,30545dfa-eb30-5654-a4e1-4a794536d659,5ceed396-cf96-5a39-8a75-73698b02801f,1,0,1,0,1,1,1,0,1,0,0,0,0,0,0,0
mayonnaise,c6f52067-a394-5d8f-b5e5-53a3c35799d2,09b03285-dbea-5fd6-9688-f8fe03ccb66a,1,0,1,0,2,2,1,0,1,0,0,0,0,0,0,0
meerrettich,84891994-593a-50f3-a83f-5ae0458aff1b,19c257ce-61d2-55bb-86fa-7d859ade4477,0,0,0,0,0,0,0,0,0,0,0,0,0,0,0,0
meersalz,4ad35980-98cb-5c5d-9339-cdb9cfd7d034,26afc8bb-4e29-506c-a9b7-191f7f5bf6c8,1,0,1,0,2,2,1,1,1,0,0,0,0,0,0,0
mirabelle,2f8f46cb-dc0b-57ab-af51-dc63ec474337,581458fa-33c3-5d3b-93b1-bf551e7499c4,0,0,0,0,0,0,0,0,0,0,0,0,0,0,0,0
mispel,0e1219de-f73a-5cea-9286-2d81672b33f1,2994c3b9-2485-5702-897a-3edc1a942c9b,0,0,0,0,0,0,0,0,0,0,0,0,0,0,0,0
mohn,5828833a-cdf4-5e5e-85df-43884a3f0094,bf410a82-2345-5c05-a6ba-725b0196982f,0,0,0,0,0,0,0,0,0,0,0,0,0,0,0,0
morchel,349adfc7-8d14-5786-915e-dbe57681a0ee,278cc375-84d5-58d9-b2ae-42ebc4ab4a58,0,0,0,0,0,0,0,0,0,0,0,0,0,0,0,0
mozzarella,f73ff758-b518-56fd-b860-18af450a3ded,85ff03e0-6596-58c1-939b-cc13963bf092,1,0,1,0,3,3,1,1,1,0,0,0,0,0,0,0
nektarine,09af6699-c838-522c-9e1c-05074b04db99,d0664dca-f709-5e65-8ef2-d84e1a195244,0,0,0,0,0,0,0,0,0,0,0,0,0,0,0,0
nougat,e00a4b76-0c55-5919-8d05-f1364f8fbea6,1971b3c1-4586-57d2-a0c6-19f09ccb2c8e,0,0,0,0,0,0,0,0,0,0,0,0,0,0,0,0
orangeat,6e054112-ff32-5c5b-bcfc-524ca4c1b405,670ff040-0ca9-53f4-b13e-3ee8b781a54d,0,0,0,0,0,0,0,0,0,0,0,0,0,0,0,0
pampelmuse,271431a0-5457-5ac1-bace-646e5175df70,8b176ed7-b80d-53e2-8c59-4ec575873e09,0,0,0,0,0,0,0,0,0,0,0,0,0,0,0,0
paranuss,11365011-8401-5b67-90c1-750732f329ff,5acb5abc-f773-5435-8393-454bff876172,0,0,0,0,0,0,0,0,0,0,0,0,0,0,0,0
parmaschinken,7d7e435c-1fc5-5777-88ab-658846dded24,7e489b8c-5884-5ff1-bb85-c36f7c80fddb,0,0,0,0,0,0,0,0,0,0,0,0,0,0,0,0
pfifferling,fee3d21d-fde9-5982-8278-060ed348c793,6d6af50b-a337-57df-8c23-7eeab03189a8,0,0,0,0,0,0,0,0,0,0,0,0,0,0,0,0
pfirsich,12d6ddf5-c1fc-59a0-894b-b71024380c06,e79dd304-1023-585d-a8c8-2044c6073a34,0,0,0,0,0,0,0,0,0,0,0,0,0,0,0,0
pflaumenmus,87256521-419b-5ff8-a9a6-478cf1720f2a,dafd030a-c6cd-5526-b849-d6c9ef934fee,0,0,0,0,0,0,0,0,0,0,0,0,0,0,0,0
pimpinelle,b4449583-4f69-5bd3-9339-deb29f5f6341,3c14485a-c7ea-55cd-a799-405ea0394d0d,0,0,0,0,0,0,0,0,0,0,0,0,0,0,0,0
puderzucker,a71cc9a9-1ea0-50c9-b6d5-30dd66059465,cfe3ba20-d0e4-526a-bd13-304e0c763906,1,0,1,0,4,4,1,1,1,0,0,0,0,0,0,0
puffreis,454af202-f1aa-56fc-a595-448585e53226,f4a10cc9-6d97-50e1-a3e1-47d4d9e67811,0,0,0,0,0,0,0,0,0,0,0,0,0,0,0,0
pumpernickel,3cdcaa0f-c7e8-5430-b89c-f47fc1872c6c,fac7d24d-f90b-54dc-a99f-f5f658b7ae6b,0,0,0,0,0,0,0,0,0,0,0,0,0,0,0,0
quitte,34a5252c-7324-5ca9-80ae-44b971535385,7b6cd034-fcb8-5817-8638-053a0145dd39,0,0,0,0,0,0,0,0,0,0,0,0,0,0,0,0
reisnudeln,682f104c-45b4-5b98-a13f-0fbf3abff537,7afe8fcd-960a-5b60-a591-86a2ef3fb8b7,0,0,0,0,0,0,0,0,0,0,0,0,0,0,0,0
rettich,74dac19a-29e2-588a-9eea-f2f333c39ad6,7b66b3bb-5f7a-5bd0-8ee6-4028d197575a,0,0,0,0,0,0,0,0,0,0,0,0,0,0,0,0
rhabarber,232a42f9-798c-567b-a25d-2ebfaaf83dde,a918e5d0-9eee-546f-b7a4-ce3cd3ab0136,0,0,0,0,0,0,0,0,0,0,0,0,0,0,0,0
rindertalg,296f1869-ff85-5ac8-9de4-7d5338ac860d,990ebfaf-bb15-5be5-9bf1-8b99fad915ca,0,0,0,0,0,0,0,0,0,0,0,0,0,0,0,0
rosinen,69398596-8689-59af-b6c9-6b1223a5eb68,e2ff02a5-2e39-5743-a5d1-e537381fab9e,1,0,1,0,2,2,1,0,1,0,0,0,0,0,0,0
rum,2528b6b0-8c5e-5593-a099-75d0c809ddde,64ade59d-ad2d-539a-95cd-2e9a9c1816a0,0,0,0,0,0,0,0,0,0,0,0,0,0,0,0,0
sahne,5d6686a0-ac2c-5046-8c07-40fc79522292,8e047d2e-9d00-5d22-bbb6-dc947e7191cf,1,0,1,0,3,3,1,1,1,0,0,0,0,0,0,0
salami (schwein),00626fe5-b090-5bfd-bcb5-b501503bc19c,305bef45-a437-5070-95b4-ad3c7f6aadb9,0,0,0,0,0,0,0,0,0,0,0,0,0,0,0,0
salz,c03bb078-f032-5c76-b20c-5c12a01021e5,e2e98989-e46c-52ce-95ab-4893d3481927,2,0,2,0,55,55,1,1,1,0,0,0,0,0,0,0
sanddornbeere,ec55e6a0-df06-5656-8e3b-8030e4a640cc,bcc38955-2499-57bd-ac69-893d29c11e93,0,0,0,0,0,0,0,0,0,0,0,0,0,0,0,0
sauerampfer,1747fdd2-86b8-53c5-9f72-6e657a5a7768,529ad100-6832-5ca6-ad88-11da0270d95c,0,0,0,0,0,0,0,0,0,0,0,0,0,0,0,0
sauerkirsche,39632cf6-e645-5f18-897f-03986e26df89,8ee90256-66cb-5ab8-a74d-7bf0596b59ca,0,0,0,0,0,0,0,0,0,0,0,0,0,0,0,0
schafskäse,70bdbd1a-1aa9-5cfa-8448-a713968f974a,441d403c-3917-5ba8-97d0-6a47d79ce3fd,0,0,0,0,0,0,0,0,0,0,0,0,0,0,0,0
schillerlocke,2d5ac090-77a1-58da-891b-07504f2eff93,c1b3e6db-8cfc-57de-b3b6-253e0efbb88a,0,0,0,0,0,0,0,0,0,0,0,0,0,0,0,0
schlagsahne,553911be-5cee-5c00-a7d8-ec862410ee6a,9d5a4aa6-55f9-52c3-ad9f-5edd1a9ba4c0,1,0,1,0,1,1,1,1,1,0,0,0,0,0,0,0
schmelzkäse,992a1caf-388f-5318-93b3-96f9f0691266,486bec1d-c6c2-577f-a123-1ccb377f9213,0,0,0,0,0,0,0,0,0,0,0,0,0,0,0,0
schweineroulade,5ba6d187-8e4d-53b8-a68d-21062e9e7bcc,7dfda3ed-649c-5dfd-ab6c-51bd38601630,0,0,0,0,0,0,0,0,0,0,0,0,0,0,0,0
schwertfisch,2c92ae54-450d-5c5c-be52-410abcbe9375,471428e2-4016-515a-a4fc-4a50a8e87421,0,0,0,0,0,0,0,0,0,0,0,0,0,0,0,0
sekt,17781d98-d63d-5f06-a6ff-7edb407f132b,43093cd9-4ac2-588e-97f6-09aed5a9374e,0,0,0,0,0,0,0,0,0,0,0,0,0,0,0,0
senf,5eece239-cfe6-59d4-821d-62db2b7f16d1,fb66d508-3ea8-55e6-bef2-801400b27d8e,1,0,1,0,5,5,1,1,1,0,0,0,0,0,0,0
sesamöl,721c6ec8-baab-5216-b869-201388dcb0a9,845004dd-7c93-565f-8bd5-7464607e2258,2,0,2,0,5,5,1,1,1,0,0,0,0,0,0,0
sherry,a2f656bc-6e34-5d56-a0bf-76018a811765,3c12bd08-325e-58b0-8888-29f16f9831fa,0,0,0,0,0,0,0,0,0,0,0,0,0,0,0,0
sirup,83cb2b57-54f4-501f-b514-2c0e68d732bd,7f1546a9-6cf4-583f-a200-93b2294be047,0,0,0,0,0,0,0,0,0,0,0,0,0,0,0,0
sojabohnen,d8af9e76-f737-517c-bbb9-7091eaf7c79c,b9a8d2f6-6dc9-59d4-8036-a04a82c724eb,1,0,1,0,1,1,1,0,1,0,0,0,0,0,0,0
sojamehl,bbab0755-6e1e-5b42-ab69-f9e1117b7bef,6b31771d-d8e8-564a-9788-339919b936c7,0,0,0,0,0,0,0,0,0,0,0,0,0,0,0,0
sojaöl,03e57d10-c08d-5e44-bafd-db983e96e03c,aca66867-4bfc-5640-801c-ac14de03be00,0,0,0,0,0,0,0,0,0,0,0,0,0,0,0,0
sonnenblumenöl,89916e7f-262b-5c43-a2a6-dcb4c7713959,8f622f31-ccab-543a-8652-8ce50d1202aa,1,0,1,0,4,4,1,0,1,0,0,0,0,0,0,0
spitzkohl,433ea856-6ea0-589d-86c0-4cc202f181a2,6d30857b-cbf4-5d10-9ddb-0533cc06d417,0,0,0,0,0,0,0,0,0,0,0,0,0,0,0,0
stachelbeere,d3711298-30aa-5ed1-8925-f128f1ab10f8,4c2ce0d0-2ffc-53b7-9d69-1ca078b00e22,0,0,0,0,0,0,0,0,0,0,0,0,0,0,0,0
sultaninen,46db3444-19e8-50d3-a3bd-99305f09dee0,6577f4a1-dd23-5cc8-a4ad-37eeb8cad90a,0,0,0,0,0,0,0,0,0,0,0,0,0,0,0,0
süßkirsche,745eb606-8258-5208-82ea-dad97282ada7,d15379b5-2ffc-5535-9e09-0a42f40c59e4,0,0,0,0,0,0,0,0,0,0,0,0,0,0,0,0
tilsiter,67493e89-8a6c-5627-8918-392e7f52790d,ef15b30e-9f19-576d-91b4-ae8460dedc0d,0,0,0,0,0,0,0,0,0,0,0,0,0,0,0,0
tomaten,f53fc7b4-896d-59a4-bf3f-5ababb37d08d,7ac93785-8e61-539c-860d-0770f92045f2,1,0,1,0,14,14,1,1,1,0,0,0,0,0,0,0
tortenguss,3c810ec5-7317-5039-ae9a-5713d51b7396,6419f7ab-5dc1-5447-b9a1-868b0db7a735,0,0,0,0,0,0,0,0,0,0,0,0,0,0,0,0
traubenkernöl,d0cb4d66-2d1b-5865-8343-9bc1ba73deb2,63ac0afe-7641-59f1-8383-1adc6a7b46c3,0,0,0,0,0,0,0,0,0,0,0,0,0,0,0,0
traubenzucker,e3c73a69-8887-5288-ab74-32a44e4bb7b3,cfc3bd2d-98c4-5c85-8bbc-111d97ed18a9,0,0,0,0,0,0,0,0,0,0,0,0,0,0,0,0
trockenhefe,aa30c382-3bc4-58ee-b411-c0c210b7a6da,2573b430-0431-56b1-8268-6a30fbb4c370,0,0,0,0,0,0,0,0,0,0,0,0,0,0,0,0
vanillezucker,fb10004b-d914-5e6f-aa8e-2e116599cb40,d690bf27-7a51-5ac2-b801-198058bd835d,1,0,1,0,2,2,1,1,1,0,0,0,0,0,0,0
vollkornbrot,6bda262a-4c44-5df5-98ff-d4042bf37a61,020c6d64-13f4-556b-b9d9-39ae530fffe8,0,0,0,0,0,0,0,0,0,0,0,0,0,0,0,0
waldpilze,2f42b4fa-c92e-53aa-b232-b60641bcf85d,52c26e53-404d-5f5a-8446-d2fdac132516,0,0,0,0,0,0,0,0,0,0,0,0,0,0,0,0
walnussöl,7690f309-32ed-5c7b-887a-f983159c40e4,0d0a93a6-4728-58be-ae50-4d5745434a26,0,0,0,0,0,0,0,0,0,0,0,0,0,0,0,0
wassermelone,c9764079-99c4-5543-9190-332786b18cb5,72d4940c-3f7f-5c0a-a9b4-c6c8298dfd2c,0,0,0,0,1,1,0,0,0,0,0,0,0,0,0,0
weinsauerkraut,75bdfb70-d7a2-522a-94a8-a137efec87a4,3087b17a-1672-5688-909f-1cd86139c112,0,0,0,0,0,0,0,0,0,0,0,0,0,0,0,0
wiener würstchen,b249fce4-bda4-51bd-a1c6-2c2b623ecd46,13085a68-933b-5d63-a492-8ef29d1c5b57,0,0,0,0,0,0,0,0,0,0,0,0,0,0,0,0
yamswurzel,6c5500b0-5a71-5552-b9f0-6758c70cfe09,2ba72d73-e5dc-55cd-b211-2ea1d4c7c7ca,0,0,0,0,0,0,0,0,0,0,0,0,0,0,0,0
zimt,e75a9225-4f04-53fc-adbe-71057063f662,b93438e6-bb2a-51b6-b40d-80b216484ea6,1,0,1,0,6,6,1,0,1,0,0,0,0,0,0,0
zitrone,ce4b1a52-a6ac-59ae-9765-a8ebdffbca59,f5ae3085-930a-58e6-8253-1f6cd7f0cd2a,1,0,1,0,3,3,1,1,1,0,0,0,0,0,0,0
zucker,45b3b564-77d3-5ab5-949e-3dd033c9e60a,19f2acc9-3f5b-519e-b6b8-492fe19fcc93,0,0,0,0,9,9,1,1,1,0,0,0,0,0,0,0
zwetschge,6e618d2c-25f9-5d30-880a-26df3a87bbe3,c8aff628-9a3d-5955-a40f-10de03739051,0,0,0,0,0,0,0,0,0,0,0,0,0,0,0,0
zwieback,547d0da0-631f-5d68-9769-dd3108a7107d,7c73decd-91d6-5c52-9322-1e5d55b96168,0,0,0,0,0,0,0,0,0,0,0,0,0,0,0,0
